key,error
A-Man/Phat_Frog_2SID.1.dump.parquet,empty
Acrouzet/A_Pointless_Quest_2SID.1.dump.parquet,empty
Arturo_Dente/Arkadenoid_BASIC.1.dump.parquet,empty
Batsman/Piraten_2SID.1.dump.parquet,empty
Bayliss_Richard/Summer_Timebooze_2SID.1.dump.parquet,empty
Bayliss_Richard/Trance_Sector_Loader_Remix_2SID.1.dump.parquet,empty
Booker/Icu_2SID.1.dump.parquet,empty
Booker/Stereo_Pendejo_2SID.1.dump.parquet,empty
Buddha/Last_Party_2SID.1.dump.parquet,empty
Butterfield_Jim/Happy_Birthday_BASIC.1.dump.parquet,empty
C0zmo/Space_Oddity_2SID.1.dump.parquet,empty
Cadaver/Simple_2SID.1.dump.parquet,empty
Cadaver/Sleepwalk_2SID.1.dump.parquet,empty
Cadaver/Stereotest_2SID.1.dump.parquet,empty
Chabee/Stickman_2SID.1.dump.parquet,empty
Chiummo_Gaetano/A_Childhood_Dream_2SID.1.dump.parquet,empty
Chiummo_Gaetano/Calming_Stream_2SID.1.dump.parquet,empty
Chiummo_Gaetano/Edelin_Tales_Theme_3SID.1.dump.parquet,empty
Chiummo_Gaetano/Enchanted_Forest_3SID.1.dump.parquet,empty
Chiummo_Gaetano/Happy_New_Wave_3SID.1.dump.parquet,empty
Chiummo_Gaetano/Hope_3SID.1.dump.parquet,empty
Chiummo_Gaetano/New_Adventure_3SID.1.dump.parquet,empty
Chiummo_Gaetano/Ramos_2016_3SID.1.dump.parquet,empty
Connolly_Sean/Lovefunk_2SID.1.dump.parquet,empty
Crisps/Missile_Defence_2SID.1.dump.parquet,empty
Crisps/Missile_Defence_2SID.2.dump.parquet,empty
Crisps/Missile_Defence_2SID.3.dump.parquet,empty
Crisps/Missile_Defence_2SID.4.dump.parquet,empty
Crisps/Missile_Defence_2SID.5.dump.parquet,empty
Crisps/Missile_Defence_2SID.6.dump.parquet,empty
Crisps/Missile_Defence_2SID.7.dump.parquet,empty
Crowley_Owen/Adventure_2SID.1.dump.parquet,empty
Crowley_Owen/Blank_Page_2SID.1.dump.parquet,empty
Crowley_Owen/Blank_Page_Part_III_2SID.1.dump.parquet,empty
Crowley_Owen/Electrozombie_Generation_2SID.1.dump.parquet,empty
Crowley_Owen/Experiment_Five_2SID.1.dump.parquet,empty
Crowley_Owen/Fast_Jaguar_2SID.1.dump.parquet,empty
Crowley_Owen/Fast_Lane_2SID.1.dump.parquet,empty
Crowley_Owen/Firestarter_2SID.1.dump.parquet,empty
Crowley_Owen/Hooker_2SID.1.dump.parquet,empty
Crowley_Owen/Huelsbeck_2SID.1.dump.parquet,empty
Crowley_Owen/Icony_2SID.1.dump.parquet,empty
Crowley_Owen/Lonely_Sample_2SID.1.dump.parquet,empty
Crowley_Owen/Love_and_Pain_2SID.1.dump.parquet,empty
Crowley_Owen/Mega_Power_Man_2SID.1.dump.parquet,empty
Crowley_Owen/Midnight_Cruise_2SID.1.dump.parquet,empty
Crowley_Owen/NEH_Promotion_Soundtrack_2SID.1.dump.parquet,empty
Crowley_Owen/Roy_G_Biv_2SID.1.dump.parquet,empty
Crowley_Owen/Shitty_Funk_2SID.1.dump.parquet,empty
Crowley_Owen/Space_Journey_2SID.1.dump.parquet,empty
Crowley_Owen/Stereo_of_11_2SID.1.dump.parquet,empty
DAM/New_Air_2SID.1.dump.parquet,empty
D_V/Take_Away_Food_2SID.1.dump.parquet,empty
Dalezy/Agyracs_2SID.1.dump.parquet,empty
Dalezy/Disznoklub_2SID.1.dump.parquet,empty
Dalezy/Feny_es_varazslat_2SID.1.dump.parquet,empty
Data/Banditti_2SID.1.dump.parquet,empty
Data/Infinityve_Weapon_2SID.1.dump.parquet,empty
Data/Ramdrive_2SID.1.dump.parquet,empty
Demosic/Strangehold_3SID.1.dump.parquet,empty
Encore/Camel_Ohio_2SID.1.dump.parquet,empty
Encore/Camel_Ohio_2SID.2.dump.parquet,empty
Estall_David/Computer_Adventure_BASIC.2.dump.parquet,empty
Estall_David/Computer_Adventure_BASIC.3.dump.parquet,empty
Estall_David/Pearl_Diver_BASIC.3.dump.parquet,empty
Estall_David/Rodney_the_Droid_BASIC.3.dump.parquet,empty
Estall_David/Rodney_the_Droid_BASIC.5.dump.parquet,empty
Estall_David/Snaker_BASIC.2.dump.parquet,empty
Et1999cc/Back_Again_2SID.1.dump.parquet,empty
Et1999cc/Freedom_2SID.1.dump.parquet,empty
Et1999cc/Overdrive-Title_Theme_2SID.1.dump.parquet,empty
Et1999cc/Ploks_House_2SID.1.dump.parquet,empty
Et1999cc/Resonance_3SID.1.dump.parquet,empty
Et1999cc/Talking_in_Your_Sleep_2SID.1.dump.parquet,empty
Et1999cc/Yoshis_Island-Flower_Garden_2SID.1.dump.parquet,empty
F7sus4/Timewarp_Spheres_2SID.1.dump.parquet,empty
Factor6/Lisuterine_Taste_2SID.1.dump.parquet,empty
GI-Joe/Ibiza_Sun_2SID.1.dump.parquet,empty
GI-Joe/Miomodo_2SID.1.dump.parquet,empty
GI-Joe/Small_House_Beat_2SID.1.dump.parquet,empty
Gantar_Peter/Kdo_2SID.1.dump.parquet,empty
Gantar_Peter/Zetor_Noise_2SID.1.dump.parquet,empty
Gantar_Peter/Zwei_Banditen_2SID.1.dump.parquet,empty
GuyGavin/CrabNicholsonExtremeSleepover_2SID.1.dump.parquet,empty
Hannula_Antti/Dead_Lock_2SID.1.dump.parquet,empty
Hannula_Antti/Electric_City_2SID.1.dump.parquet,empty
Hannula_Antti/Eternity_2SID.1.dump.parquet,empty
Hannula_Antti/Onward_Ride_C64_remix_2SID.1.dump.parquet,empty
Hannula_Antti/Sad_Song_2SID.1.dump.parquet,empty
Hannula_Antti/True_Believer_2SID.1.dump.parquet,empty
Hermit/3SID_Tracker_Demo_1_3SID.1.dump.parquet,empty
Hermit/E_G_Blues_2SID.1.dump.parquet,empty
Hermit/Earmind_3SID.1.dump.parquet,empty
Hermit/Girl_from_Tomorrow_2SID.1.dump.parquet,empty
Hermit/Phonky_2SID.1.dump.parquet,empty
Hermit/Song_of_the_Second_Moon_Delta_2SID.1.dump.parquet,empty
Hermit/Thiz_Iz_Da_Gizda_3SID.1.dump.parquet,empty
Hermit/Tree_Angel_3SID.1.dump.parquet,empty
Hilty_James/Cave_of_the_Ice_Ape_BASIC.4.dump.parquet,empty
Hilty_James/Gobblers_Revenge_BASIC.3.dump.parquet,empty
Hilty_James/Gobblers_Revenge_BASIC.4.dump.parquet,empty
Hilty_James/Gobblers_Revenge_BASIC.5.dump.parquet,empty
Hilty_James/Gobblers_Revenge_BASIC.6.dump.parquet,empty
Hilty_James/Moonlight_Zone_BASIC.2.dump.parquet,empty
Hilty_James/Mouse_in_the_House_BASIC.3.dump.parquet,empty
Hoffmann_Michal/11_Non_Blondes_reharmonized_2SID.1.dump.parquet,empty
Hoffmann_Michal/Dubsteps_Passe_2SID.1.dump.parquet,empty
Hoffmann_Michal/Melanoma_Mood_2SID.1.dump.parquet,empty
Hoffmann_Michal/Nie_Ogolilem_Intencjonalnie_Rowa_2SID.1.dump.parquet,empty
Hoffmann_Michal/Respublika_Kazantip_2SID.1.dump.parquet,empty
Hoffmann_Michal/Songs_about_Poland_Sell_Records_2SID.1.dump.parquet,empty
Holt_Hein/SidKit_2SID.1.dump.parquet,empty
JCH/Voice_2SID.1.dump.parquet,empty
JVD/Double_2SID.1.dump.parquet,empty
Jammer/Antipop_2SID.1.dump.parquet,empty
Jammer/BBC_2SID.1.dump.parquet,empty
Jammer/Boileroom_2SID.1.dump.parquet,empty
Jammer/Crank_Powered_Async_Loader_2SID.1.dump.parquet,empty
Jammer/Crank_Powered_Async_Loader_V2_2SID.1.dump.parquet,empty
Jammer/Gliding_Gladly_2SID.1.dump.parquet,empty
Jammer/Light_Years_3SID.1.dump.parquet,empty
Jammer/Meat_Hook_2SID.1.dump.parquet,empty
Jammer/Melbourne_Shuffle_3SID.1.dump.parquet,empty
Jammer/Odyssey_2SID.1.dump.parquet,empty
Jammer/Stars_Are_Us_2SID.1.dump.parquet,empty
Jammer/Two_Times_Better_2SID.1.dump.parquet,empty
Jammer/Yet_Bigger_Beat_2SID.1.dump.parquet,empty
Jellica/16drumsteel13eight_2SID.1.dump.parquet,empty
Jellica/16eightspeedwomot_2SID.1.dump.parquet,empty
Jellica/7funk44vers2_2SID.1.dump.parquet,empty
Jellica/Balb_2SID.1.dump.parquet,empty
Jellica/Centre_Letters_Rmx_2SID.1.dump.parquet,empty
Jellica/Cpremizx8two_2SID.1.dump.parquet,empty
Jellica/Go8mis5x8_2SID.1.dump.parquet,empty
Jellica/Justx54_2SID.1.dump.parquet,empty
Jellica/Maybe_2SID.1.dump.parquet,empty
Jellica/Monotecarrrggggx3tempo2_2SID.1.dump.parquet,empty
Jellica/Penguin_Huddle_2SID.1.dump.parquet,empty
Jellica/Poppy2_2SID.1.dump.parquet,empty
Jellica/Talotoo_2SID.1.dump.parquet,empty
Jellica/Teilmins2_2SID.1.dump.parquet,empty
Jellica/Trape3_2SID.1.dump.parquet,empty
Jellica/Triboscusx1_2SID.1.dump.parquet,empty
Julian_Jaymz/Slanted_2SID.1.dump.parquet,empty
Julian_Jaymz/Square_Two_2SID.1.dump.parquet,empty
Kidd_Clark_and_Kathy/A-Maze-ing_BASIC.4.dump.parquet,empty
Kidd_Clark_and_Kathy/Alphabet_Soup_BASIC.2.dump.parquet,empty
Kidd_Clark_and_Kathy/Black_Hole_BASIC.2.dump.parquet,empty
Kidd_Clark_and_Kathy/Build_a_Quiz_BASIC.2.dump.parquet,empty
Kidd_Clark_and_Kathy/Build_a_Quiz_BASIC.3.dump.parquet,empty
Kidd_Clark_and_Kathy/Count_the_Spots_BASIC.2.dump.parquet,empty
Kidd_Clark_and_Kathy/Count_the_Spots_BASIC.3.dump.parquet,empty
Kidd_Clark_and_Kathy/Earthworms_BASIC.2.dump.parquet,empty
Kidd_Clark_and_Kathy/Earthworms_BASIC.3.dump.parquet,empty
Kidd_Clark_and_Kathy/Element_Man_BASIC.2.dump.parquet,empty
Kidd_Clark_and_Kathy/Element_Man_BASIC.3.dump.parquet,empty
Kidd_Clark_and_Kathy/Element_Man_BASIC.4.dump.parquet,empty
Kidd_Clark_and_Kathy/Get_the_Treasure_BASIC.2.dump.parquet,empty
Kidd_Clark_and_Kathy/Get_the_Treasure_BASIC.3.dump.parquet,empty
Kidd_Clark_and_Kathy/Heavenly_Bodies_BASIC.2.dump.parquet,empty
Kidd_Clark_and_Kathy/Ladybug_BASIC.2.dump.parquet,empty
Kidd_Clark_and_Kathy/Ladybug_BASIC.3.dump.parquet,empty
Kidd_Clark_and_Kathy/Lawn_Mower_BASIC.3.dump.parquet,empty
Kidd_Clark_and_Kathy/Matchmaker_BASIC.2.dump.parquet,empty
Kidd_Clark_and_Kathy/Mother_Earth_BASIC.2.dump.parquet,empty
Kidd_Clark_and_Kathy/Mother_Earth_BASIC.3.dump.parquet,empty
Kidd_Clark_and_Kathy/Movers_and_Shakers_BASIC.3.dump.parquet,empty
Kidd_Clark_and_Kathy/Mr_President_BASIC.2.dump.parquet,empty
Kidd_Clark_and_Kathy/Mr_President_BASIC.3.dump.parquet,empty
Kidd_Clark_and_Kathy/Notecrafter_BASIC.2.dump.parquet,empty
Kidd_Clark_and_Kathy/Skeleton_BASIC.2.dump.parquet,empty
Kidd_Clark_and_Kathy/Skeleton_BASIC.3.dump.parquet,empty
Kidd_Clark_and_Kathy/Skeleton_BASIC.4.dump.parquet,empty
Kidd_Clark_and_Kathy/Spelling_Bee_BASIC.2.dump.parquet,empty
Kidd_Clark_and_Kathy/Spelling_Bee_BASIC.3.dump.parquet,empty
Kidd_Clark_and_Kathy/Spend_your_Allowance_BASIC.2.dump.parquet,empty
Kidd_Clark_and_Kathy/Spend_your_Allowance_BASIC.3.dump.parquet,empty
Kidd_Clark_and_Kathy/Spend_your_Allowance_BASIC.4.dump.parquet,empty
Kidd_Clark_and_Kathy/Stargazer_BASIC.2.dump.parquet,empty
Kidd_Clark_and_Kathy/Stargazer_BASIC.3.dump.parquet,empty
Kidd_Clark_and_Kathy/States_of_the_Union_BASIC.2.dump.parquet,empty
Kidd_Clark_and_Kathy/States_of_the_Union_BASIC.3.dump.parquet,empty
Kidd_Clark_and_Kathy/Unicorn_BASIC.2.dump.parquet,empty
Kidd_Clark_and_Kathy/Wise_Shopper_BASIC.2.dump.parquet,empty
Kidd_Clark_and_Kathy/Wise_Shopper_BASIC.3.dump.parquet,empty
Kidd_Clark_and_Kathy/Word_Scramble_BASIC.2.dump.parquet,empty
Kidd_Clark_and_Kathy/Word_Scramble_BASIC.3.dump.parquet,empty
Kidd_Clark_and_Kathy/Word_Scramble_BASIC.4.dump.parquet,empty
Kordiaukis/Kordiaukis_01_2SID.1.dump.parquet,empty
Kozaki_Soft/Geigeriada_2SID.1.dump.parquet,empty
Kozaki_Soft/KnotCrafter_2SID.1.dump.parquet,empty
LMan/Blade_Runner_Main_Titles_2SID.1.dump.parquet,empty
LMan/Tuneful_Eight_tune_1_2SID.1.dump.parquet,empty
LMan/Tuneful_Eight_tune_2_2SID.1.dump.parquet,empty
LMan/Tuneful_Eight_tune_3_2SID.1.dump.parquet,empty
LMan/Tuneful_Eight_tune_4_2SID.1.dump.parquet,empty
Lft/Fratres_Arvo_Paert_2SID.2.dump.parquet,empty
Lft/Machine_Yearning_2SID.1.dump.parquet,empty
Lft/Machine_Yearning_2SID.2.dump.parquet,empty
Lft/Machine_Yearning_2SID.3.dump.parquet,empty
Lft/Machine_Yearning_2SID.4.dump.parquet,empty
Lft/Machine_Yearning_2SID.5.dump.parquet,empty
Lft/Machine_Yearning_2SID.6.dump.parquet,empty
Lft/Machine_Yearning_2SID.7.dump.parquet,empty
MCH/Acid_Storm_3SID.1.dump.parquet,empty
MCH/Monty_on_the_Run_D_n_B_edit_2SID.1.dump.parquet,empty
MCH/Mow_Mi_Aloes_2SID.1.dump.parquet,empty
MCH/Pee_Bottle_2SID.1.dump.parquet,empty
MCH/Technolooper_2SID.1.dump.parquet,empty
MCH/Winter_Rose_2SID.1.dump.parquet,empty
MCH/ZX_Clive_Tribute_2SID.1.dump.parquet,empty
M_O_T/Take_em_Out_stereo_2SID.1.dump.parquet,empty
M_O_T/Take_em_Out_stereo_2SID.2.dump.parquet,empty
Mac_TUGCS/Crystal_Creatures_stereo_remix_2SID.1.dump.parquet,empty
Mac_TUGCS/Crystal_Creatures_stereo_remix_2SID.2.dump.parquet,empty
Manganoid/Children_2SID.1.dump.parquet,empty
Manganoid/Die_Mensch_Maschine_2SID.1.dump.parquet,empty
Manganoid/Empires_Worlds_Goddesses_etc_2SID.1.dump.parquet,empty
Manganoid/For_Denise_2SID.1.dump.parquet,empty
Manganoid/Iza_horizonta_2SID.1.dump.parquet,empty
Manganoid/Mahadeva_2SID.1.dump.parquet,empty
Manganoid/Mystery_Cannon_2SID.1.dump.parquet,empty
Manganoid/Pianoesque_2SID.1.dump.parquet,empty
Manganoid/Pilfers-Climbing_2SID.1.dump.parquet,empty
Manganoid/Puffy_Poof_C64_2SID.1.dump.parquet,empty
Manganoid/Severance_2SID.1.dump.parquet,empty
Manganoid/Sidji_do_reke_2SID.1.dump.parquet,empty
Manganoid/Sonic_Empire_2SID.1.dump.parquet,empty
Manganoid/Space_Raiders_2SID.1.dump.parquet,empty
Manganoid/Y_M_O_2SID.1.dump.parquet,empty
Manical/El_Diego_C64_remix_2SID.1.dump.parquet,empty
McBride_Peter/Paddingtons_Shopping_Mix-Up_Grocer_BASIC.4.dump.parquet,empty
MegaSparky/1981-1986_The_Casiopea_Years_2SID.1.dump.parquet,empty
Mermaid/Hyperdrive_Splorf_stereo_mix_2SID.1.dump.parquet,empty
Mibri/Best_Is_yet_to_Come_2SID.1.dump.parquet,empty
Mibri/Radio_Free_Truth_2SID.1.dump.parquet,empty
Moraff/Fence_Around_the_Emptiness_2SID.1.dump.parquet,empty
Moraff/Kuusamon_kiehinen_2SID.1.dump.parquet,empty
Moraff/Lintu_ja_lapsi_2SID.1.dump.parquet,empty
Moraff/Lintu_ja_lapsi_2SID.2.dump.parquet,empty
Moraff/Ocean_of_Silence_2SID.1.dump.parquet,empty
Moraff/Perplexity_of_Life_2SID.1.dump.parquet,empty
Moraff/Ripaskacha_in_Stereo_2SID.1.dump.parquet,empty
Moraff/Sydaen_ja_veri_2SID.1.dump.parquet,empty
MovieMovies1/Erika_To_Satoru_No_Yume_Bouken_2SID.1.dump.parquet,empty
MovieMovies1/Super_Mario_Bros_2SID.1.dump.parquet,empty
Mutetus/Do_Not_Eat_Throw_Away_2SID.1.dump.parquet,empty
Mythus/Wavesynth_2SID.1.dump.parquet,empty
Nata/Anthrox_2SID.1.dump.parquet,empty
Nata/Elav_Stereo_2SID.1.dump.parquet,empty
Nata/Hokuto_Stereo_2SID.1.dump.parquet,empty
Nata/Phobos_2SID.1.dump.parquet,empty
Nata/Renegade_420_2SID.1.dump.parquet,empty
Nobody/Hardtek_Jam_2SID.1.dump.parquet,empty
Nobody/Turn_it_Louder_2SID.1.dump.parquet,empty
Nordischsound/Bruno_Mars-Uptown_Funk_2SID.1.dump.parquet,empty
Nordischsound/Captain_Future_2SID.1.dump.parquet,empty
Nordischsound/DKC-Gang_Plank_Galleon_2SID.1.dump.parquet,empty
Nordischsound/Feels_Like_Summer_2SID.1.dump.parquet,empty
Nordischsound/Genius_NTSC_2SID.1.dump.parquet,empty
Nordischsound/Genius_PAL_2SID.1.dump.parquet,empty
Nordischsound/Get_Lucky_2SID.1.dump.parquet,empty
Nordischsound/Jump_2SID.1.dump.parquet,empty
Nordischsound/Oooaaaeee_2SID.1.dump.parquet,empty
Nordischsound/Steel_Drums_Calypso_2SID.1.dump.parquet,empty
Nordischsound/Terranigma-Overworld_2SID.1.dump.parquet,empty
Nordischsound/Weeknd-Blinding_Lights_2SID.1.dump.parquet,empty
Norman_Paul/Bowling_BASIC.3.dump.parquet,empty
Ocean/Analoque_2SID.1.dump.parquet,empty
Ocean/Get_Me_Eternal_2SID.1.dump.parquet,empty
PCH/Get_Up_and_Jump_2SID.1.dump.parquet,empty
PCH/Hard_Re_Start_2SID.1.dump.parquet,empty
PCH/Houpy_Houp_2SID.1.dump.parquet,empty
PCH/Just_One_Life_2SID.1.dump.parquet,empty
PCH/Waiting_for_the_Future_2SID.1.dump.parquet,empty
Page_Jason/R-Type_Amiga_to_2SID_2SID.1.dump.parquet,empty
Phobos/Double_Dragon_2SID.1.dump.parquet,empty
Phobos/Excalibur_2SID.1.dump.parquet,empty
Phobos/Nasze_Randez-Vous_Remix_2SID.1.dump.parquet,empty
Phobos/What_Is_Love_2SID.1.dump.parquet,empty
Proton/Airwolf_Theme_2SID.1.dump.parquet,empty
Proton/Cybernoid_2_The_Revenge_2SID.1.dump.parquet,empty
Proton/Deserted_Cities_2SID.1.dump.parquet,empty
Proton/Error-40_2SID.1.dump.parquet,empty
Proton/Galwaymulation_2SID.1.dump.parquet,empty
Proton/Le_Parc_Streethawk_theme_2SID.1.dump.parquet,empty
Proton/Mindwarped_2SID.1.dump.parquet,empty
Proton/Saunasolmuhumppa_2SID.1.dump.parquet,empty
Proton/X-Files_Theme_Remix_2SID.1.dump.parquet,empty
Proton/Zoids_2SID-Remake_2SID.1.dump.parquet,empty
Randy/Time_2SID.1.dump.parquet,empty
Rayden/4_Ever_Young_2SID.1.dump.parquet,empty
Rayden/Bamse_Bert_2SID.1.dump.parquet,empty
Rayden/Blue_Max_2SID.1.dump.parquet,empty
Rayden/DSR-FLT_Cracktroh_2SID.1.dump.parquet,empty
Rayden/Dark_Knight_2SID.1.dump.parquet,empty
Rayden/Disco_Zak_Remix_2SID.1.dump.parquet,empty
Rayden/Leprechaun_Boot_V1_2SID.1.dump.parquet,empty
Rayden/Leprechaun_Boot_V2_2SID.1.dump.parquet,empty
Rayden/Mc_Dieter_2SID.1.dump.parquet,empty
Rayden/Mopped_Tester_2SID.1.dump.parquet,empty
Rayden/Mythig_2SID.1.dump.parquet,empty
Rayden/Physician_Remake_2SID.1.dump.parquet,empty
Rayden/Popel_Premiere_Intr0h_2SID.1.dump.parquet,empty
Rayden/Somewhere_Over_the_6_Rainbows_2SID.1.dump.parquet,empty
Rayden/TrubbleLaBubble_2SID.1.dump.parquet,empty
Rayden/Zipped_out_2SID.1.dump.parquet,empty
Reynolds_Daryll/Case_of_the_Mad_Mummy_BASIC.7.dump.parquet,empty
Reynolds_Daryll/Case_of_the_Mad_Mummy_BASIC.8.dump.parquet,empty
Rosenfeldt_Harald/Honey_Pie_2SID.1.dump.parquet,empty
Rosenfeldt_Harald/Yesterday_2SID.1.dump.parquet,empty
SLO/Big_Secret_2SID.1.dump.parquet,empty
Scarzix/Auxillary_Love_2SID.1.dump.parquet,empty
Scarzix/Singularity_2SID.1.dump.parquet,empty
Sherman_Nick/Cold_Outside_2SID.1.dump.parquet,empty
Shogoon/A_Song_for_You_2SID.1.dump.parquet,empty
Shogoon/Be_Civil-A_Choral_of_Good_Manners_2SID.1.dump.parquet,empty
Shogoon/Cheezzy_Top_3SID.1.dump.parquet,empty
Shogoon/Cheezzy_Top_Fixed_3SID.1.dump.parquet,empty
Shogoon/Cowboys_Dream_2SID.1.dump.parquet,empty
Shogoon/Do_Nothing_for_3_Minutes_3SID.1.dump.parquet,empty
Shogoon/First_Chords_2SID.1.dump.parquet,empty
Shogoon/Joe_2SID.1.dump.parquet,empty
Shogoon/Lullaby_for_Teddy_Bear_2SID.1.dump.parquet,empty
Shogoon/Lullaby_of_the_Moment_2SID.1.dump.parquet,empty
Shogoon/Oum_Le_Dauphin_2SID.1.dump.parquet,empty
Shogoon/Prelude_and_Fugato_2SID.1.dump.parquet,empty
Shogoon/Raindropsies_2SID.1.dump.parquet,empty
Shogoon/Robin_2SID.1.dump.parquet,empty
Shogoon/To_Norah_2SID.1.dump.parquet,empty
Shogoon/Wild_West_Weekly_2SID.1.dump.parquet,empty
Shogoon/Zorro_2SID.1.dump.parquet,empty
Sidder/Boys_2SID.1.dump.parquet,empty
Sidder/X-Files_2SID.1.dump.parquet,empty
Slaxx/Keelhauled_2SID.1.dump.parquet,empty
Slaxx/Nordlicht_Express_2SID.1.dump.parquet,empty
Slimex/Snowfall_2SID.1.dump.parquet,empty
Spider_Jerusalem/Am_I_Melodic_2SID.1.dump.parquet,empty
Spider_Jerusalem/Canon_457_Study_2_2SID.1.dump.parquet,empty
Steel/Game_of_Thrones_2SID.1.dump.parquet,empty
Stepz/Silver_Clouds_2SID.1.dump.parquet,empty
Stepz/Thomas_the_Fragglesmurf_2SID.1.dump.parquet,empty
Stinsen/Guilty_Pleasures_2SID.1.dump.parquet,empty
Stinsen/Space_Monkeys_2SID.1.dump.parquet,empty
Stone_James/A_Final_Hyperbase_2SID.1.dump.parquet,empty
Stone_James/Dawn_of_the_Oval_Hordes_2SID.1.dump.parquet,empty
Surgeon/Cow_Anus_Fucked_2SID.1.dump.parquet,empty
Surgeon/Mothafucka_2SID.1.dump.parquet,empty
Surgeon/Nice_Dream_2SID.1.dump.parquet,empty
Sychamis/Like_the_Wind_2SID.1.dump.parquet,empty
TSM/Fiki_Fiki_2SID.1.dump.parquet,empty
TSM/Speedy_Gonzales_2SID.1.dump.parquet,empty
Televicious/Aliens_2SID.1.dump.parquet,empty
Televicious/Cybo_2SID.1.dump.parquet,empty
Televicious/Eviltwin_2SID.1.dump.parquet,empty
Televicious/Fidelity_2SID.1.dump.parquet,empty
Televicious/Finity_2SID.1.dump.parquet,empty
Televicious/Giovanni_2SID.1.dump.parquet,empty
Televicious/Ring-a-sync_2SID.1.dump.parquet,empty
Televicious/Sauceage_2SID.1.dump.parquet,empty
Televicious/Symphonic_2SID.1.dump.parquet,empty
TheK/Boesendorfer_P_S_S_2SID.1.dump.parquet,empty
TheK/Bright_Eyes_2SID.1.dump.parquet,empty
TheK/Jump_2SID.1.dump.parquet,empty
TheK/Next_Awakening_2SID.1.dump.parquet,empty
TheK/Use_your_Imagination_2SID.1.dump.parquet,empty
TheK/You_2SID.1.dump.parquet,empty
Toggle/Beacon_2SID.1.dump.parquet,empty
Uctumi/Power_of_Two_2SID.1.dump.parquet,empty
Uctumi/Souls_Lost_to_Poseidon_2SID.1.dump.parquet,empty
Vandahlia/Peppermint_2SID.1.dump.parquet,empty
Vincenzo/Quad_Core_bottom_part_2SID.1.dump.parquet,empty
Vincenzo/Quad_Core_top_part_2SID.1.dump.parquet,empty
Warp_8/Beamforming_2SID.1.dump.parquet,empty
Warp_8/Raggarage_2SID.1.dump.parquet,empty
Warp_8/Substate_2SID.1.dump.parquet,empty
Warp_8/Wonkaphunk_2SID.1.dump.parquet,empty
Wemyss_Chris/Grange_Hill_2SID.1.dump.parquet,empty
Wijnhoven_Joachim/Bomb_Jack_Title_Deluxe_2SID.1.dump.parquet,empty
Wijnhoven_Joachim/Mr_Dos_Castle_Medley_2SID.1.dump.parquet,empty
Yaruni/Lethal_Xcess_Menu_2SID.1.dump.parquet,empty
Zeta/Dr_Feelgood_2SID.1.dump.parquet,empty
Zeta/Stockholmsserenad_2SID.1.dump.parquet,empty
